Albany, New York, Average Temperature
Units: Degrees Fahrenheit
Base Period: 1930-2000
Missing: -99
Date,Value,Anomaly
189501,20.6,-1.6
189502,17.0,-7.3
189503,27.9,-6.2
189504,45.1,-1.4
189505,59.6,1.5
189506,70.6,3.6
189507,68.5,-3.3
189508,70.4,0.8
189509,64.8,3.2
189510,45.3,-5.2
189511,38.8,-0.7
189512,29.9,2.7
189601,18.3,-3.9
189602,22.9,-1.4
189603,25.1,-9.0
189604,48.2,1.7
189605,61.7,3.6
189606,65.7,-1.3
189607,72.2,0.4
189608,70.8,1.2
189609,60.2,-1.4
189610,46.4,-4.1
189611,41.7,2.2
189612,24.2,-3.0
189701,22.7,0.5
189702,24.0,-0.3
189703,33.3,-0.8
189704,46.0,-0.5
189705,56.8,-1.3
189706,62.6,-4.4
189707,72.7,0.9
189708,67.5,-2.1
189709,60.7,-0.9
189710,51.0,0.5
189711,-99.0,-138.5
189712,28.1,0.9
189801,22.5,0.3
189802,26.0,1.7
189803,40.2,6.1
189804,43.5,-3.0
189805,56.2,-1.9
189806,68.0,1.0
189807,73.1,1.3
189808,71.1,1.5
189809,64.7,3.1
189810,51.2,0.7
189811,36.7,-2.8
189812,26.9,-0.3
189901,20.9,-1.3
189902,19.8,-4.5
189903,29.1,-5.0
189904,46.6,0.1
189905,57.9,-0.2
189906,69.0,2.0
189907,71.2,-0.6
189908,70.3,0.7
189909,59.4,-2.2
189910,51.4,0.9
189911,37.8,-1.7
189912,30.3,3.1
190001,24.3,2.1
190002,23.7,-0.6
190003,25.9,-8.2
190004,46.0,-0.5
190005,56.0,-2.1
190006,68.5,1.5
190007,72.5,0.7
190008,72.7,3.1
190009,65.7,4.1
190010,55.7,5.2
190011,39.9,0.4
190012,26.6,-0.6
190101,22.2,0.0
190102,17.2,-7.1
190103,30.9,-3.2
190104,47.5,1.0
190105,57.1,-1.0
190106,68.2,1.2
190107,73.9,2.1
190108,71.0,1.4
190109,63.0,1.4
190110,50.3,-0.2
190111,32.5,-7.0
190112,24.8,-2.4
190201,20.7,-1.5
190202,21.6,-2.7
190203,37.7,3.6
190204,46.5,0.0
190205,55.1,-3.0
190206,62.5,-4.5
190207,68.4,-3.4
190208,66.2,-3.4
190209,61.0,-0.6
190210,49.2,-1.3
190211,41.4,1.9
190212,21.4,-5.8
190301,22.2,0.0
190302,25.0,0.7
190303,41.3,7.2
190304,46.3,-0.2
190305,60.2,2.1
190306,61.2,-5.8
190307,69.5,-2.3
190308,62.8,-6.8
190309,62.0,0.4
190310,50.8,0.3
190311,34.5,-5.0
190312,21.3,-5.9
190401,12.8,-9.4
190402,15.0,-9.3
190403,29.2,-4.9
190404,41.6,-4.9
190405,60.6,2.5
190406,66.8,-0.2
190407,70.5,-1.3
190408,67.5,-2.1
190409,59.1,-2.5
190410,46.6,-3.9
190411,32.9,-6.6
190412,18.4,-8.8
190501,18.7,-3.5
190502,15.6,-8.7
190503,31.0,-3.1
190504,44.5,-2.0
190505,57.1,-1.0
190506,65.1,-1.9
190507,71.8,0.0
190508,66.7,-2.9
190509,60.6,-1.0
190510,50.1,-0.4
190511,35.6,-3.9
190512,29.8,2.6
190601,29.8,7.6
190602,19.6,-4.7
190603,26.3,-7.8
190604,45.4,-1.1
190605,56.6,-1.5
190606,67.2,0.2
190607,70.8,-1.0
190608,71.3,1.7
190609,63.9,2.3
190610,50.0,-0.5
190611,36.7,-2.8
190612,-99.0,-126.2
190701,20.5,-1.7
190702,15.1,-9.2
190703,34.9,0.8
190704,40.6,-5.9
190705,50.8,-7.3
190706,64.1,-2.9
190707,71.1,-0.7
190708,67.1,-2.5
190709,62.0,0.4
190710,45.7,-4.8
190711,37.1,-2.4
190712,30.4,3.2
190801,23.0,0.8
190802,17.7,-6.6
190803,33.4,-0.7
190804,43.6,-2.9
190805,59.1,1.0
190806,67.4,0.4
190807,72.6,0.8
190808,67.6,-2.0
190809,63.9,2.3
190810,51.6,1.1
190811,38.5,-1.0
190812,26.6,-0.6
190901,23.7,1.5
190902,26.5,2.2
190903,30.9,-3.2
190904,43.4,-3.1
190905,55.8,-2.3
190906,66.7,-0.3
190907,68.9,-2.9
190908,67.1,-2.5
190909,60.2,-1.4
190910,47.5,-3.0
190911,40.6,1.1
190912,24.3,-2.9
191001,23.2,1.0
191002,19.6,-4.7
191003,38.9,4.8
191004,49.5,3.0
191005,56.1,-2.0
191006,64.0,-3.0
191007,72.1,0.3
191008,67.6,-2.0
191009,60.8,-0.8
191010,51.3,0.8
191011,35.5,-4.0
191012,19.9,-7.3
191101,24.6,2.4
191102,20.5,-3.8
191103,29.5,-4.6
191104,43.4,-3.1
191105,63.5,5.4
191106,64.6,-2.4
191107,73.3,1.5
191108,69.0,-0.6
191109,60.7,-0.9
191110,48.7,-1.8
191111,35.6,-3.9
191112,32.6,5.4
191201,13.0,-9.2
191202,18.5,-5.8
191203,28.3,-5.8
191204,43.8,-2.7
191205,57.6,-0.5
191206,63.8,-3.2
191207,71.2,-0.6
191208,66.0,-3.6
191209,61.2,-0.4
191210,51.6,1.1
191211,39.7,0.2
191212,32.2,5.0
191301,32.6,10.4
191302,19.7,-4.6
191303,36.4,2.3
191304,47.8,1.3
191305,55.5,-2.6
191306,65.8,-1.2
191307,70.8,-1.0
191308,69.6,0.0
191309,59.7,-1.9
191310,53.5,3.0
191311,40.8,1.3
191312,30.0,2.8
191401,20.2,-2.0
191402,13.7,-10.6
191403,30.3,-3.8
191404,41.8,-4.7
191405,59.7,1.6
191406,64.7,-2.3
191407,69.0,-2.8
191408,69.3,-0.3
191409,60.6,-1.0
191410,52.7,2.2
191411,36.1,-3.4
191412,24.1,-3.1
191501,25.3,3.1
191502,26.7,2.4
191503,30.4,-3.7
191504,50.7,4.2
191505,52.8,-5.3
191506,64.2,-2.8
191507,69.4,-2.4
191508,65.7,-3.9
191509,64.9,3.3
191510,51.3,0.8
191511,38.8,-0.7
191512,26.2,-1.0
191601,27.3,5.1
191602,18.6,-5.7
191603,24.1,-10.0
191604,43.9,-2.6
191605,56.3,-1.8
191606,61.1,-5.9
191607,72.7,0.9
191608,70.5,0.9
191609,61.2,-0.4
191610,49.4,-1.1
191611,37.2,-2.3
191612,26.7,-0.5
191701,22.7,0.5
191702,18.3,-6.0
191703,31.9,-2.2
191704,43.3,-3.2
191705,49.1,-9.0
191706,64.7,-2.3
191707,71.4,-0.4
191708,70.9,1.3
191709,58.5,-3.1
191710,46.3,-4.2
191711,33.4,-6.1
191712,15.2,-12.0
191801,12.0,-10.2
191802,20.1,-4.2
191803,33.2,-0.9
191804,44.7,-1.8
191805,61.4,3.3
191806,62.7,-4.3
191807,69.9,-1.9
191808,70.6,1.0
191809,57.0,-4.6
191810,52.0,1.5
191811,40.3,0.8
191812,30.2,3.0
191901,27.5,5.3
191902,27.4,3.1
191903,34.9,0.8
191904,43.3,-3.2
191905,56.7,-1.4
191906,69.1,2.1
191907,71.2,-0.6
191908,66.3,-3.3
191909,60.8,-0.8
191910,51.6,1.1
191911,37.9,-1.6
191912,21.1,-6.1
192001,12.1,-10.1
192002,19.6,-4.7
192003,32.0,-2.1
192004,42.4,-4.1
192005,55.3,-2.8
192006,64.6,-2.4
192007,68.0,-3.8
192008,70.0,0.4
192009,62.4,0.8
192010,55.6,5.1
192011,36.3,-3.2
192012,29.9,2.7
192101,25.4,3.2
192102,25.8,1.5
192103,40.7,6.6
192104,51.3,4.8
192105,58.9,0.8
192106,66.4,-0.6
192107,74.5,2.7
192108,66.8,-2.8
192109,65.4,3.8
192110,49.8,-0.7
192111,36.7,-2.8
192112,24.3,-2.9
192201,18.2,-4.0
192202,24.7,0.4
192203,34.6,0.5
192204,45.7,-0.8
192205,59.9,1.8
192206,66.9,-0.1
192207,70.0,-1.8
192208,67.5,-2.1
192209,62.3,0.7
192210,49.9,-0.6
192211,38.7,-0.8
192212,25.4,-1.8
192301,17.3,-4.9
192302,16.4,-7.9
192303,27.4,-6.7
192304,43.8,-2.7
192305,54.6,-3.5
192306,67.2,0.2
192307,68.3,-3.5
192308,66.8,-2.8
192309,61.7,0.1
192310,48.9,-1.6
192311,37.2,-2.3
192312,34.1,6.9
192401,24.7,2.5
192402,16.7,-7.6
192403,32.6,-1.5
192404,42.9,-3.6
192405,52.2,-5.9
192406,63.5,-3.5
192407,69.8,-2.0
192408,68.4,-1.2
192409,57.8,-3.8
192410,49.2,-1.3
192411,38.0,-1.5
192412,24.2,-3.0
192501,16.1,-6.1
192502,28.9,4.6
192503,36.9,2.8
192504,45.9,-0.6
192505,52.5,-5.6
192506,68.8,1.8
192507,68.3,-3.5
192508,68.2,-1.4
192509,60.3,-1.3
192510,43.0,-7.5
192511,37.7,-1.8
192512,27.8,0.6
192601,23.5,1.3
192602,19.2,-5.1
192603,27.0,-7.1
192604,39.8,-6.7
192605,54.8,-3.3
192606,61.4,-5.6
192607,70.4,-1.4
192608,68.7,-0.9
192609,59.3,-2.3
192610,47.3,-3.2
192611,39.1,-0.4
192612,19.1,-8.1
192701,20.5,-1.7
192702,28.0,3.7
192703,36.2,2.1
192704,44.5,-2.0
192705,54.0,-4.1
192706,62.1,-4.9
192707,70.1,-1.7
192708,64.7,-4.9
192709,61.1,-0.5
192710,53.3,2.8
192711,41.8,2.3
192712,28.3,1.1
192801,26.4,4.2
192802,24.3,0.0
192803,31.3,-2.8
192804,42.5,-4.0
192805,55.6,-2.5
192806,63.4,-3.6
192807,71.8,0.0
192808,70.6,1.0
192809,58.7,-2.9
192810,51.8,1.3
192811,40.3,0.8
192812,31.9,4.7
192901,22.4,0.2
192902,22.6,-1.7
192903,36.5,2.4
192904,45.2,-1.3
192905,56.0,-2.1
192906,66.2,-0.8
192907,69.6,-2.2
192908,66.3,-3.3
192909,63.0,1.4
192910,48.0,-2.5
192911,38.8,-0.7
192912,25.9,-1.3
193001,23.8,1.6
193002,26.5,2.2
193003,33.6,-0.5
193004,43.1,-3.4
193005,58.2,0.1
193006,69.9,2.9
193007,70.4,-1.4
193008,68.6,-1.0
193009,64.6,3.0
193010,49.2,-1.3
193011,40.1,0.6
193012,27.9,0.7
193101,21.7,-0.5
193102,23.5,-0.8
193103,35.3,1.2
193104,46.8,0.3
193105,58.1,0.0
193106,66.3,-0.7
193107,73.7,1.9
193108,68.7,-0.9
193109,64.7,3.1
193110,52.6,2.1
193111,44.8,5.3
193112,30.8,3.6
193201,33.6,11.4
193202,26.7,2.4
193203,29.3,-4.8
193204,42.7,-3.8
193205,58.2,0.1
193206,65.1,-1.9
193207,68.5,-3.3
193208,69.6,0.0
193209,61.7,0.1
193210,52.6,2.1
193211,35.5,-4.0
193212,29.5,2.3
193301,32.2,10.0
193302,26.7,2.4
193303,30.8,-3.3
193304,46.2,-0.3
193305,59.6,1.5
193306,69.0,2.0
193307,72.2,0.4
193308,68.6,-1.0
193309,62.5,0.9
193310,48.6,-1.9
193311,32.6,-6.9
193312,22.4,-4.8
193401,22.9,0.7
193402,9.8,-14.5
193403,30.0,-4.1
193404,45.2,-1.3
193405,58.9,0.8
193406,67.4,0.4
193407,72.1,0.3
193408,65.3,-4.3
193409,63.9,2.3
193410,46.5,-4.0
193411,41.5,2.0
193412,23.8,-3.4
193501,17.3,-4.9
193502,22.4,-1.9
193503,34.3,0.2
193504,43.7,-2.8
193505,53.8,-4.3
193506,65.9,-1.1
193507,73.2,1.4
193508,69.3,-0.3
193509,57.8,-3.8
193510,50.5,0.0
193511,40.7,1.2
193512,23.2,-4.0
193601,21.2,-1.0
193602,16.0,-8.3
193603,39.9,5.8
193604,42.7,-3.8
193605,59.8,1.7
193606,66.8,-0.2
193607,72.0,0.2
193608,69.1,-0.5
193609,61.1,-0.5
193610,49.9,-0.6
193611,34.8,-4.7
193612,29.7,2.5
193701,30.7,8.5
193702,28.1,3.8
193703,29.0,-5.1
193704,43.9,-2.6
193705,59.5,1.4
193706,66.5,-0.5
193707,72.1,0.3
193708,73.1,3.5
193709,59.3,-2.3
193710,48.9,-1.6
193711,39.4,-0.1
193712,26.4,-0.8
193801,20.3,-1.9
193802,27.0,2.7
193803,37.0,2.9
193804,48.7,2.2
193805,55.3,-2.8
193806,67.8,0.8
193807,72.4,0.6
193808,72.7,3.1
193809,58.1,-3.5
193810,52.3,1.8
193811,39.6,0.1
193812,28.0,0.8
193901,21.6,-0.6
193902,24.2,-0.1
193903,27.9,-6.2
193904,41.7,-4.8
193905,60.1,2.0
193906,66.8,-0.2
193907,71.4,-0.4
193908,73.4,3.8
193909,61.3,-0.3
193910,48.6,-1.9
193911,34.8,-4.7
193912,26.6,-0.6
194001,14.5,-7.7
194002,21.4,-2.9
194003,26.4,-7.7
194004,41.3,-5.2
194005,58.0,-0.1
194006,64.6,-2.4
194007,70.6,-1.2
194008,67.3,-2.3
194009,59.6,-2.0
194010,45.5,-5.0
194011,37.8,-1.7
194012,28.2,1.0
194101,17.9,-4.3
194102,23.0,-1.3
194103,27.5,-6.6
194104,51.7,5.2
194105,58.9,0.8
194106,68.1,1.1
194107,72.9,1.1
194108,67.7,-1.9
194109,62.8,1.2
194110,51.0,0.5
194111,41.8,2.3
194112,29.3,2.1
194201,21.4,-0.8
194202,20.4,-3.9
194203,37.6,3.5
194204,49.1,2.6
194205,60.7,2.6
194206,67.4,0.4
194207,70.6,-1.2
194208,68.4,-1.2
194209,61.1,-0.5
194210,50.9,0.4
194211,37.9,-1.6
194212,22.3,-4.9
194301,17.4,-4.8
194302,23.6,-0.7
194303,31.0,-3.1
194304,39.3,-7.2
194305,57.5,-0.6
194306,71.6,4.6
194307,72.3,0.5
194308,68.6,-1.0
194309,60.3,-1.3
194310,49.3,-1.2
194311,35.6,-3.9
194312,22.7,-4.5
194401,24.1,1.9
194402,23.2,-1.1
194403,28.6,-5.5
194404,41.5,-5.0
194405,63.6,5.5
194406,66.9,-0.1
194407,73.4,1.6
194408,71.8,2.2
194409,62.6,1.0
194410,48.2,-2.3
194411,-99.0,-138.5
194412,23.5,-3.7
194501,13.6,-8.6
194502,24.5,0.2
194503,43.4,9.3
194504,50.6,4.1
194505,53.1,-5.0
194506,65.2,-1.8
194507,69.5,-2.3
194508,68.7,-0.9
194509,64.4,2.8
194510,48.3,-2.2
194511,39.0,-0.5
194512,20.9,-6.3
194601,23.7,1.5
194602,21.5,-2.8
194603,43.4,9.3
194604,44.3,-2.2
194605,54.8,-3.3
194606,64.3,-2.7
194607,70.5,-1.3
194608,65.6,-4.0
194609,63.5,1.9
194610,54.0,3.5
194611,42.6,3.1
194612,28.4,1.2
194701,25.8,3.6
194702,21.3,-3.0
194703,31.9,-2.2
194704,43.3,-3.2
194705,56.7,-1.4
194706,64.8,-2.2
194707,72.1,0.3
194708,73.9,4.3
194709,63.4,1.8
194710,56.9,6.4
194711,35.6,-3.9
194712,22.5,-4.7
194801,15.3,-6.9
194802,18.2,-6.1
194803,31.8,-2.3
194804,46.8,0.3
194805,56.1,-2.0
194806,65.1,-1.9
194807,71.0,-0.8
194808,70.9,1.3
194809,63.0,1.4
194810,48.6,-1.9
194811,45.0,5.5
194812,29.1,1.9
194901,28.8,6.6
194902,29.2,4.9
194903,35.5,1.4
194904,48.5,2.0
194905,57.8,-0.3
194906,72.0,5.0
194907,75.2,3.4
194908,71.6,2.0
194909,58.6,-3.0
194910,54.8,4.3
194911,37.0,-2.5
194912,29.7,2.5
195001,31.0,8.8
195002,20.4,-3.9
195003,27.1,-7.0
195004,43.0,-3.5
195005,57.5,-0.6
195006,66.0,-1.0
195007,69.9,-1.9
195008,68.5,-1.1
195009,58.1,-3.5
195010,52.5,2.0
195011,41.2,1.7
195012,25.4,-1.8
195101,25.8,3.6
195102,27.0,2.7
195103,35.2,1.1
195104,47.6,1.1
195105,58.7,0.6
195106,65.9,-1.1
195107,71.4,-0.4
195108,68.2,-1.4
195109,60.1,-1.5
195110,51.5,1.0
195111,33.7,-5.8
195112,27.0,-0.2
195201,26.2,4.0
195202,27.0,2.7
195203,32.4,-1.7
195204,50.2,3.7
195205,54.3,-3.8
195206,68.0,1.0
195207,74.7,2.9
195208,69.9,0.3
195209,62.0,0.4
195210,46.5,-4.0
195211,39.8,0.3
195212,30.1,2.9
195301,29.2,7.0
195302,28.8,4.5
195303,36.7,2.6
195304,46.6,0.1
195305,60.0,1.9
195306,68.5,1.5
195307,72.0,0.2
195308,69.4,-0.2
195309,62.1,0.5
195310,52.3,1.8
195311,42.1,2.6
195312,33.4,6.2
195401,18.4,-3.8
195402,31.3,7.0
195403,34.3,0.2
195404,48.4,1.9
195405,55.2,-2.9
195406,67.6,0.6
195407,70.3,-1.5
195408,66.9,-2.7
195409,60.4,-1.2
195410,54.7,4.2
195411,39.6,0.1
195412,27.8,0.6
195501,21.1,-1.1
195502,24.4,0.1
195503,33.0,-1.1
195504,49.6,3.1
195505,61.2,3.1
195506,67.0,0.0
195507,76.4,4.6
195508,73.5,3.9
195509,60.0,-1.6
195510,52.3,1.8
195511,37.3,-2.2
195512,20.4,-6.8
195601,23.4,1.2
195602,26.0,1.7
195603,27.8,-6.3
195604,42.5,-4.0
195605,53.4,-4.7
195606,67.3,0.3
195607,68.9,-2.9
195608,69.0,-0.6
195609,57.6,-4.0
195610,49.8,-0.7
195611,39.8,0.3
195612,30.4,3.2
195701,16.0,-6.2
195702,28.8,4.5
195703,35.5,1.4
195704,48.8,2.3
195705,56.9,-1.2
195706,71.0,4.0
195707,71.0,-0.8
195708,67.2,-2.4
195709,62.2,0.6
195710,50.1,-0.4
195711,41.6,2.1
195712,33.1,5.9
195801,22.0,-0.2
195802,18.8,-5.5
195803,35.9,1.8
195804,49.0,2.5
195805,54.3,-3.8
195806,62.0,-5.0
195807,71.6,-0.2
195808,70.1,0.5
195809,61.4,-0.2
195810,48.8,-1.7
195811,39.9,0.4
195812,19.2,-8.0
195901,20.7,-1.5
195902,20.2,-4.1
195903,32.1,-2.0
195904,48.0,1.5
195905,60.6,2.5
195906,67.6,0.6
195907,74.2,2.4
195908,73.5,3.9
195909,65.6,4.0
195910,51.4,0.9
195911,38.3,-1.2
195912,29.9,2.7
196001,22.6,0.4
196002,27.9,3.6
196003,26.5,-7.6
196004,49.5,3.0
196005,60.3,2.2
196006,67.0,0.0
196007,69.4,-2.4
196008,69.8,0.2
196009,62.7,1.1
196010,49.3,-1.2
196011,41.5,2.0
196012,21.6,-5.6
196101,15.3,-6.9
196102,25.5,1.2
196103,32.9,-1.2
196104,43.8,-2.7
196105,55.4,-2.7
196106,66.9,-0.1
196107,71.5,-0.3
196108,69.7,0.1
196109,68.8,7.2
196110,53.9,3.4
196111,39.3,-0.2
196112,27.6,0.4
196201,21.9,-0.3
196202,20.4,-3.9
196203,34.6,0.5
196204,46.9,0.4
196205,59.8,1.7
196206,68.0,1.0
196207,69.0,-2.8
196208,68.9,-0.7
196209,58.7,-2.9
196210,50.1,-0.4
196211,35.0,-4.5
196212,22.9,-4.3
196301,20.2,-2.0
196302,17.2,-7.1
196303,33.5,-0.6
196304,45.7,-0.8
196305,56.5,-1.6
196306,67.3,0.3
196307,71.9,0.1
196308,66.3,-3.3
196309,56.8,-4.8
196310,55.4,4.9
196311,44.3,4.8
196312,18.0,-9.2
196401,23.8,1.6
196402,22.2,-2.1
196403,34.8,0.7
196404,45.7,-0.8
196405,61.6,3.5
196406,66.4,-0.6
196407,74.3,2.5
196408,66.2,-3.4
196409,61.0,-0.6
196410,49.1,-1.4
196411,41.3,1.8
196412,27.9,0.7
196501,18.9,-3.3
196502,22.8,-1.5
196503,32.0,-2.1
196504,42.8,-3.7
196505,60.5,2.4
196506,66.8,-0.2
196507,69.5,-2.3
196508,69.7,0.1
196509,62.8,1.2
196510,50.6,0.1
196511,38.0,-1.5
196512,31.1,3.9
196601,21.7,-0.5
196602,24.3,0.0
196603,34.6,0.5
196604,44.5,-2.0
196605,53.9,-4.2
196606,67.9,0.9
196607,72.5,0.7
196608,70.1,0.5
196609,58.7,-2.9
196610,49.3,-1.2
196611,43.1,3.6
196612,28.0,0.8
196701,27.8,5.6
196702,18.8,-5.5
196703,29.7,-4.4
196704,44.2,-2.3
196705,51.2,-6.9
196706,70.6,3.6
196707,72.4,0.6
196708,70.0,0.4
196709,62.1,0.5
196710,51.8,1.3
196711,35.6,-3.9
196712,29.7,2.5
196801,15.4,-6.8
196802,21.9,-2.4
196803,37.8,3.7
196804,51.9,5.4
196805,55.7,-2.4
196806,67.4,0.4
196807,73.5,1.7
196808,69.4,-0.2
196809,64.5,2.9
196810,54.1,3.6
196811,39.3,-0.2
196812,24.3,-2.9
196901,21.7,-0.5
196902,25.4,1.1
196903,31.9,-2.2
196904,48.4,1.9
196905,57.1,-1.0
196906,66.8,-0.2
196907,70.4,-1.4
196908,71.4,1.8
196909,63.1,1.5
196910,49.7,-0.8
196911,40.5,1.0
196912,22.4,-4.8
197001,10.5,-11.7
197002,23.8,-0.5
197003,32.8,-1.3
197004,49.5,3.0
197005,61.3,3.2
197006,66.6,-0.4
197007,72.7,0.9
197008,70.4,0.8
197009,64.1,2.5
197010,53.6,3.1
197011,42.6,3.1
197012,22.7,-4.5
197101,15.0,-7.2
197102,26.5,2.2
197103,31.7,-2.4
197104,43.4,-3.1
197105,56.0,-2.1
197106,67.4,0.4
197107,69.5,-2.3
197108,67.9,-1.7
197109,65.9,4.3
197110,55.8,5.3
197111,38.0,-1.5
197112,31.1,3.9
197201,24.0,1.8
197202,22.2,-2.1
197203,31.7,-2.4
197204,42.3,-4.2
197205,60.6,2.5
197206,64.7,-2.3
197207,72.1,0.3
197208,68.3,-1.3
197209,61.8,0.2
197210,46.8,-3.7
197211,36.2,-3.3
197212,30.0,2.8
197301,28.1,5.9
197302,23.1,-1.2
197303,43.0,8.9
197304,49.9,3.4
197305,56.4,-1.7
197306,69.8,2.8
197307,73.8,2.0
197308,74.0,4.4
197309,61.5,-0.1
197310,52.1,1.6
197311,40.9,1.4
197312,29.3,2.1
197401,24.4,2.2
197402,22.4,-1.9
197403,33.5,-0.6
197404,49.2,2.7
197405,55.2,-2.9
197406,66.1,-0.9
197407,70.4,-1.4
197408,69.0,-0.6
197409,59.4,-2.2
197410,45.5,-5.0
197411,39.8,0.3
197412,30.0,2.8
197501,26.8,4.6
197502,26.0,1.7
197503,31.9,-2.2
197504,41.8,-4.7
197505,63.0,4.9
197506,66.2,-0.8
197507,73.3,1.5
197508,70.5,0.9
197509,59.9,-1.7
197510,53.8,3.3
197511,46.1,6.6
197512,26.6,-0.6
197601,16.6,-5.6
197602,32.0,7.7
197603,37.2,3.1
197604,50.2,3.7
197605,55.5,-2.6
197606,69.9,2.9
197607,69.0,-2.8
197608,67.9,-1.7
197609,59.5,-2.1
197610,47.1,-3.4
197611,35.4,-4.1
197612,21.9,-5.3
197701,16.1,-6.1
197702,25.0,0.7
197703,40.6,6.5
197704,47.3,0.8
197705,60.7,2.6
197706,65.1,-1.9
197707,72.2,0.4
197708,68.3,-1.3
197709,61.9,0.3
197710,50.2,-0.3
197711,43.1,3.6
197712,27.2,0.0
197801,22.0,-0.2
197802,18.7,-5.6
197803,31.3,-2.8
197804,43.9,-2.6
197805,58.9,0.8
197806,64.9,-2.1
197807,69.3,-2.5
197808,69.7,0.1
197809,57.3,-4.3
197810,49.1,-1.4
197811,39.2,-0.3
197812,29.2,2.0
197901,22.6,0.4
197902,15.0,-9.3
197903,39.4,5.3
197904,46.0,-0.5
197905,60.5,2.4
197906,66.5,-0.5
197907,73.0,1.2
197908,69.5,-0.1
197909,61.7,0.1
197910,50.7,0.2
197911,44.6,5.1
197912,31.9,4.7
198001,24.7,2.5
198002,20.4,-3.9
198003,33.8,-0.3
198004,48.6,2.1
198005,60.0,1.9
198006,63.9,-3.1
198007,72.8,1.0
198008,71.2,1.6
198009,63.0,1.4
198010,47.9,-2.6
198011,35.4,-4.1
198012,20.4,-6.8
198101,14.6,-7.6
198102,33.6,9.3
198103,35.2,1.1
198104,48.6,2.1
198105,59.4,1.3
198106,67.2,0.2
198107,69.8,-2.0
198108,69.0,-0.6
198109,59.3,-2.3
198110,45.3,-5.2
198111,38.2,-1.3
198112,26.3,-0.9
198201,14.9,-7.3
198202,23.9,-0.4
198203,33.3,-0.8
198204,44.8,-1.7
198205,60.0,1.9
198206,63.4,-3.6
198207,70.6,-1.2
198208,66.0,-3.6
198209,61.0,-0.6
198210,51.1,0.6
198211,43.5,4.0
198212,34.2,7.0
198301,24.8,2.6
198302,27.4,3.1
198303,38.2,4.1
198304,47.3,0.8
198305,55.5,-2.6
198306,67.8,0.8
198307,72.7,0.9
198308,70.3,0.7
198309,63.1,1.5
198310,50.1,-0.4
198311,39.8,0.3
198312,24.6,-2.6
198401,18.6,-3.6
198402,32.9,8.6
198403,29.5,-4.6
198404,48.1,1.6
198405,53.7,-4.4
198406,67.0,0.0
198407,69.4,-2.4
198408,72.3,2.7
198409,60.8,-0.8
198410,54.3,3.8
198411,40.8,1.3
198412,34.4,7.2
198501,20.5,-1.7
198502,26.3,2.0
198503,37.5,3.4
198504,49.9,3.4
198505,60.2,2.1
198506,62.4,-4.6
198507,70.9,-0.9
198508,68.9,-0.7
198509,63.5,1.9
198510,50.4,-0.1
198511,40.3,0.8
198512,24.7,-2.5
198601,23.2,1.0
198602,23.0,-1.3
198603,37.4,3.3
198604,50.7,4.2
198605,61.5,3.4
198606,64.8,-2.2
198607,71.5,-0.3
198608,68.0,-1.6
198609,60.3,-1.3
198610,49.1,-1.4
198611,35.9,-3.6
198612,31.0,3.8
198701,21.9,-0.3
198702,21.9,-2.4
198703,37.8,3.7
198704,50.6,4.1
198705,60.2,2.1
198706,68.5,1.5
198707,73.7,1.9
198708,67.4,-2.2
198709,60.8,-0.8
198710,46.7,-3.8
198711,40.3,0.8
198712,30.9,3.7
198801,20.8,-1.4
198802,24.3,0.0
198803,34.4,0.3
198804,46.8,0.3
198805,59.7,1.6
198806,65.3,-1.7
198807,75.2,3.4
198808,72.5,2.9
198809,60.2,-1.4
198810,46.2,-4.3
198811,41.2,1.7
198812,26.8,-0.4
198901,28.0,5.8
198902,24.4,0.1
198903,33.7,-0.4
198904,44.8,-1.7
198905,59.7,1.6
198906,68.2,1.2
198907,71.8,0.0
198908,69.9,0.3
198909,62.7,1.1
198910,51.7,1.2
198911,39.5,0.0
198912,13.9,-13.3
199001,33.1,10.9
199002,28.4,4.1
199003,38.0,3.9
199004,49.1,2.6
199005,55.5,-2.6
199006,67.5,0.5
199007,73.2,1.4
199008,71.1,1.5
199009,61.9,0.3
199010,53.3,2.8
199011,42.0,2.5
199012,33.8,6.6
199101,23.3,1.1
199102,30.3,6.0
199103,37.6,3.5
199104,51.4,4.9
199105,63.4,5.3
199106,69.2,2.2
199107,71.9,0.1
199108,71.4,1.8
199109,60.1,-1.5
199110,53.4,2.9
199111,40.3,0.8
199112,29.1,1.9
199201,24.7,2.5
199202,27.1,2.8
199203,31.7,-2.4
199204,44.9,-1.6
199205,58.7,0.6
199206,65.5,-1.5
199207,67.8,-4.0
199208,67.6,-2.0
199209,61.6,0.0
199210,46.7,-3.8
199211,39.1,-0.4
199212,30.0,2.8
199301,26.8,4.6
199302,18.5,-5.8
199303,31.6,-2.5
199304,48.6,2.1
199305,59.7,1.6
199306,66.5,-0.5
199307,73.3,1.5
199308,71.9,2.3
199309,60.7,-0.9
199310,48.8,-1.7
199311,38.7,-0.8
199312,27.6,0.4
199401,12.9,-9.3
199402,19.4,-4.9
199403,33.3,-0.8
199404,48.4,1.9
199405,56.6,-1.5
199406,69.2,2.2
199407,74.2,2.4
199408,67.2,-2.4
199409,61.1,-0.5
199410,50.3,-0.2
199411,43.5,4.0
199412,31.8,4.6
199501,31.5,9.3
199502,23.0,-1.3
199503,40.2,6.1
199504,44.2,-2.3
199505,57.1,-1.0
199506,67.1,0.1
199507,74.2,2.4
199508,70.9,1.3
199509,59.8,-1.8
199510,54.4,3.9
199511,36.1,-3.4
199512,23.2,-4.0
199601,21.3,-0.9
199602,25.5,1.2
199603,31.7,-2.4
199604,46.5,0.0
199605,55.9,-2.2
199606,68.8,1.8
199607,70.5,-1.3
199608,71.1,1.5
199609,63.1,1.5
199610,50.3,-0.2
199611,35.5,-4.0
199612,34.5,7.3
199701,23.4,1.2
199702,31.1,6.8
199703,33.9,-0.2
199704,45.0,-1.5
199705,54.3,-3.8
199706,68.6,1.6
199707,71.4,-0.4
199708,69.3,-0.3
199709,61.4,-0.2
199710,48.8,-1.7
199711,36.5,-3.0
199712,30.6,3.4
199801,29.7,7.5
199802,32.5,8.2
199803,39.2,5.1
199804,49.5,3.0
199805,63.6,5.5
199806,67.0,0.0
199807,71.6,-0.2
199808,71.9,2.3
199809,64.0,2.4
199810,51.5,1.0
199811,40.7,1.2
199812,34.5,7.3
199901,22.5,0.3
199902,29.0,4.7
199903,35.2,1.1
199904,47.4,0.9
199905,60.2,2.1
199906,70.4,3.4
199907,74.9,3.1
199908,70.0,0.4
199909,65.6,4.0
199910,49.6,-0.9
199911,44.8,5.3
199912,31.7,4.5
200001,21.5,-0.7
200002,28.4,4.1
200003,40.9,6.8
200004,46.0,-0.5
200005,60.1,2.0
200006,66.6,-0.4
200007,68.4,-3.4
200008,69.3,-0.3
200009,60.1,-1.5
200010,50.8,0.3
200011,38.8,-0.7
200012,22.9,-4.3
200101,25.3,3.1
200102,27.6,3.3
200103,31.6,-2.5
200104,48.2,1.7
200105,59.6,1.5
200106,69.1,2.1
200107,69.6,-2.2
200108,74.5,4.9
200109,63.2,1.6
200110,52.7,2.2
200111,45.5,6.0
200112,34.9,7.7
200201,32.1,9.9
200202,32.4,8.1
200203,37.0,2.9
200204,49.6,3.1
200205,55.8,-2.3
200206,67.6,0.6
200207,74.2,2.4
200208,73.7,4.1
200209,65.8,4.2
200210,48.6,-1.9
200211,39.4,-0.1
200212,27.8,0.6
200301,16.3,-5.9
200302,21.9,-2.4
200303,35.2,1.1
200304,45.3,-1.2
200305,57.5,-0.6
200306,67.0,0.0
200307,72.9,1.1
200308,73.5,3.9
200309,63.7,2.1
200310,49.0,-1.5
200311,43.1,3.6
200312,30.0,2.8
200401,15.4,-6.8
200402,25.6,1.3
200403,38.6,4.5
200404,49.9,3.4
200405,62.3,4.2
200406,66.8,-0.2
200407,71.7,-0.1
200408,70.1,0.5
200409,64.0,2.4
200410,50.6,0.1
200411,40.2,0.7
200412,28.6,1.4
200501,20.3,-1.9
200502,27.7,3.4
200503,31.9,-2.2
200504,50.9,4.4
200505,55.3,-2.8
200506,73.6,6.6
200507,74.6,2.8
200508,74.5,4.9
200509,66.9,5.3
200510,52.8,2.3
200511,43.1,3.6
200512,27.5,0.3
200601,32.3,10.1
200602,28.7,4.4
200603,36.8,2.7
200604,50.3,3.8
200605,59.4,1.3
200606,68.4,1.4
200607,75.7,3.9
200608,70.6,1.0
200609,61.8,0.2
200610,49.6,-0.9
200611,45.4,5.9
200612,36.0,8.8
200701,28.2,6.0
200702,20.2,-4.1
200703,32.6,-1.5
200704,45.1,-1.4
200705,61.1,3.0
200706,69.5,2.5
200707,71.3,-0.5
200708,71.5,1.9
200709,65.0,3.4
200710,57.5,7.0
200711,38.3,-1.2
200712,28.6,1.4
200801,28.3,6.1
200802,27.0,2.7
200803,34.6,0.5
200804,52.7,6.2
200805,56.2,-1.9
200806,71.2,4.2
200807,74.3,2.5
200808,69.2,-0.4
200809,65.1,3.5
200810,48.9,-1.6
200811,40.3,0.8
200812,29.2,2.0
200901,19.1,-3.1
200902,28.2,3.9
200903,37.1,3.0
200904,50.3,3.8
200905,58.7,0.6
200906,66.8,-0.2
200907,69.0,-2.8
200908,71.8,2.2
200909,61.2,-0.4
200910,48.7,-1.8
200911,44.1,4.6
200912,28.1,0.9
201001,25.2,3.0
201002,28.8,4.5
201003,42.5,8.4
201004,52.6,6.1
201005,62.0,3.9
201006,68.4,1.4
201007,75.7,3.9
201008,72.8,3.2
201009,65.4,3.8
201010,51.0,0.5
201011,40.4,0.9
201012,26.7,-0.5
201101,21.3,-0.9
201102,24.7,0.4
201103,35.2,1.1
201104,49.5,3.0
201105,62.8,4.7
201106,68.7,1.7
201107,75.7,3.9
201108,71.6,2.0
201109,65.9,4.3
201110,53.6,3.1
201111,45.1,5.6
201112,34.8,7.6
201201,29.4,7.2
201202,32.8,8.5
201203,46.6,12.5
201204,48.8,2.3
201205,63.9,5.8
201206,68.3,1.3
201207,75.6,3.8
201208,73.0,3.4
201209,63.3,1.7
201210,54.0,3.5
201211,38.9,-0.6
201212,34.1,6.9
201301,26.3,4.1
201302,27.6,3.3
201303,34.6,0.5
201304,46.7,0.2
201305,60.6,2.5
201306,68.4,1.4
201307,76.7,4.9
201308,70.4,0.8
201309,62.1,0.5
201310,53.4,2.9
201311,38.0,-1.5
201312,28.5,1.3
201401,20.7,-1.5
201402,22.4,-1.9
201403,28.2,-5.9
201404,47.8,1.3
201405,60.4,2.3
201406,69.7,2.7
201407,72.7,0.9
201408,69.6,0.0
201409,63.6,2.0
201410,54.4,3.9
201411,38.7,-0.8
201412,32.6,5.4
201501,19.8,-2.4
201502,12.9,-11.4
201503,29.9,-4.2
201504,47.8,1.3
201505,65.6,7.5
201506,66.8,-0.2
201507,73.0,1.2
201508,73.1,3.5
201509,68.6,7.0
201510,49.8,-0.7
201511,45.6,6.1
201512,41.8,14.6
201601,27.9,5.7
201602,30.7,6.4
201603,42.8,8.7
201604,46.0,-0.5
201605,59.5,1.4
201606,68.2,1.2
201607,74.0,2.2
201608,73.9,4.3
201609,66.1,4.5
201610,52.4,1.9
201611,41.5,2.0
201612,30.5,3.3
201701,30.7,8.5
201702,33.4,9.1
201703,31.8,-2.3
201704,53.0,6.5
201705,57.4,-0.7
201706,67.9,0.9
201707,71.7,-0.1
201708,69.2,-0.4
201709,65.6,4.0
201710,57.8,7.3
201711,39.2,-0.3
201712,25.0,-2.2
201801,23.4,1.2
201802,32.5,8.2
201803,34.2,0.1
201804,41.1,-5.4
201805,64.3,6.2
201806,67.9,0.9
201807,76.5,4.7
201808,75.1,5.5
201809,67.2,5.6
201810,50.8,0.3
201811,37.0,-2.5
201812,32.5,5.3
201901,23.4,1.2
201902,27.7,3.4
201903,35.2,1.1
201904,49.8,3.3
201905,58.5,0.4
201906,68.0,1.0
201907,76.2,4.4
201908,71.7,2.1
201909,63.8,2.2
201910,53.6,3.1
201911,36.8,-2.7
201912,29.9,2.7
202001,31.9,9.7
202002,31.6,7.3
202003,42.3,8.2
202004,46.7,0.2
202005,59.8,1.7
202006,70.8,3.8
202007,76.5,4.7
202008,72.9,3.3
202009,63.2,1.6
202010,52.4,1.9
202011,44.3,4.8
202012,32.6,5.4
202101,26.1,3.9
